Date,VIX
7/22/2013,12.29
7/23/2013,12.66
7/24/2013,13.18
7/25/2013,12.97
7/26/2013,12.72
7/29/2013,13.39
7/30/2013,13.39
7/31/2013,13.45
8/1/2013,12.94
8/2/2013,11.98
8/5/2013,11.84
8/6/2013,12.72
8/7/2013,12.98
8/8/2013,12.73
8/9/2013,13.41
8/12/2013,12.81
8/13/2013,12.31
8/14/2013,13.04
8/15/2013,14.73
8/16/2013,14.37
8/19/2013,15.1
8/20/2013,14.91
8/21/2013,15.94
8/22/2013,14.76
8/23/2013,13.98
8/26/2013,14.99
8/27/2013,16.77
8/28/2013,16.49
8/29/2013,16.809999
8/30/2013,17.01
9/3/2013,16.610001
9/4/2013,15.88
9/5/2013,15.77
9/6/2013,15.85
9/9/2013,15.63
9/10/2013,14.53
9/11/2013,13.82
9/12/2013,14.29
9/13/2013,14.16
9/16/2013,14.38
9/17/2013,14.53
9/18/2013,13.59
9/19/2013,13.16
9/20/2013,13.12
9/23/2013,14.31
9/24/2013,14.08
9/25/2013,14.01
9/26/2013,14.06
9/27/2013,15.46
9/30/2013,16.6
10/1/2013,15.54
10/2/2013,16.6
10/3/2013,17.67
10/4/2013,16.74
10/7/2013,19.41
10/8/2013,20.34
10/9/2013,19.6
10/10/2013,16.48
10/11/2013,15.72
10/14/2013,16.07
10/15/2013,18.66
10/16/2013,14.71
10/17/2013,13.48
10/18/2013,13.04
10/21/2013,13.16
10/22/2013,13.33
10/23/2013,13.42
10/24/2013,13.2
10/25/2013,13.09
10/28/2013,13.31
10/29/2013,13.41
10/30/2013,13.65
10/31/2013,13.75
11/1/2013,13.28
11/4/2013,12.93
11/5/2013,13.27
11/6/2013,12.67
11/7/2013,13.91
11/8/2013,12.9
11/11/2013,12.53
11/12/2013,12.82
11/13/2013,12.52
11/14/2013,12.37
11/15/2013,12.19
11/18/2013,13.1
11/19/2013,13.39
11/20/2013,13.4
11/21/2013,12.66
11/22/2013,12.26
11/25/2013,12.79
11/26/2013,12.81
11/27/2013,12.98
11/29/2013,13.7
12/2/2013,14.23
12/3/2013,14.55
12/4/2013,14.7
12/5/2013,15.08
12/6/2013,13.79
12/9/2013,13.49
12/10/2013,13.91
12/11/2013,15.42
12/12/2013,15.54
12/13/2013,15.76
12/16/2013,16.030001
12/17/2013,16.209999
12/18/2013,13.8
12/19/2013,14.15
12/20/2013,13.79
12/23/2013,13.04
12/24/2013,12.48
12/26/2013,12.33
12/27/2013,12.46
12/30/2013,13.56
12/31/2013,13.72
1/2/2014,14.23
1/3/2014,13.76
1/6/2014,13.55
1/7/2014,12.92
1/8/2014,12.87
1/9/2014,12.89
1/10/2014,12.14
1/13/2014,13.28
1/14/2014,12.28
1/15/2014,12.28
1/16/2014,12.53
1/17/2014,12.44
1/21/2014,12.87
1/22/2014,12.84
1/23/2014,13.77
1/24/2014,18.139999
1/27/2014,17.42
1/28/2014,15.8
1/29/2014,17.35
1/30/2014,17.290001
1/31/2014,18.41
2/3/2014,21.440001
2/4/2014,19.110001
2/5/2014,19.950001
2/6/2014,17.23
2/7/2014,15.29
2/10/2014,15.26
2/11/2014,14.51
2/12/2014,14.3
2/13/2014,14.14
2/14/2014,13.57
2/18/2014,13.87
2/19/2014,15.5
2/20/2014,14.79
2/21/2014,14.68
2/24/2014,14.23
2/25/2014,13.67
2/26/2014,14.35
2/27/2014,14.04
2/28/2014,14
3/3/2014,16
3/4/2014,14.1
3/5/2014,13.89
3/6/2014,14.21
3/7/2014,14.11
3/10/2014,14.2
3/11/2014,14.8
3/12/2014,14.47
3/13/2014,16.219999
3/14/2014,17.82
3/17/2014,15.64
3/18/2014,14.52
3/19/2014,15.12
3/20/2014,14.52
3/21/2014,15
3/24/2014,15.09
3/25/2014,14.02
3/26/2014,14.93
3/27/2014,14.62
3/28/2014,14.41
3/31/2014,13.88
4/1/2014,13.1
4/2/2014,13.09
4/3/2014,13.37
4/4/2014,13.96
4/7/2014,15.57
4/8/2014,14.89
4/9/2014,13.82
4/10/2014,15.89
4/11/2014,17.030001
4/14/2014,16.110001
4/15/2014,15.61
4/16/2014,14.18
4/17/2014,13.36
4/21/2014,13.25
4/22/2014,13.19
4/23/2014,13.27
4/24/2014,13.32
4/25/2014,14.06
4/28/2014,13.97
4/29/2014,13.71
4/30/2014,13.41
5/1/2014,13.25
5/2/2014,12.91
5/5/2014,13.29
5/6/2014,13.8
5/7/2014,13.4
5/8/2014,13.43
5/9/2014,12.92
5/12/2014,12.23
5/13/2014,12.13
5/14/2014,12.17
5/15/2014,13.17
5/16/2014,12.44
5/19/2014,12.42
5/20/2014,12.96
5/21/2014,11.91
5/22/2014,12.03
5/23/2014,11.36
5/27/2014,11.51
5/28/2014,11.68
5/29/2014,11.57
5/30/2014,11.4
6/2/2014,11.58
6/3/2014,11.87
6/4/2014,12.08
6/5/2014,11.68
6/6/2014,10.73
6/9/2014,11.15
6/10/2014,10.99
6/11/2014,11.6
6/12/2014,12.56
6/13/2014,12.18
6/16/2014,12.65
6/17/2014,12.06
6/18/2014,10.61
6/19/2014,10.62
6/20/2014,10.85
6/23/2014,10.98
6/24/2014,12.13
6/25/2014,11.59
6/26/2014,11.63
6/27/2014,11.26
6/30/2014,11.57
7/1/2014,11.15
7/2/2014,10.82
7/3/2014,10.32
7/7/2014,11.33
7/8/2014,11.98
7/9/2014,11.65
7/10/2014,12.59
7/11/2014,12.08
7/14/2014,11.82
7/15/2014,11.96
7/16/2014,11
7/17/2014,14.54
7/18/2014,12.06
7/21/2014,12.81
7/22/2014,12.24
7/23/2014,11.52
7/24/2014,11.84
7/25/2014,12.69
7/28/2014,12.56
7/29/2014,13.28
7/30/2014,13.33
7/31/2014,16.950001
8/1/2014,17.030001
8/4/2014,15.12
8/5/2014,16.870001
8/6/2014,16.370001
8/7/2014,16.66
8/8/2014,15.77
8/11/2014,14.23
8/12/2014,14.13
8/13/2014,12.9
8/14/2014,12.42
8/15/2014,13.15
8/18/2014,12.32
8/19/2014,12.21
8/20/2014,11.78
8/21/2014,11.76
8/22/2014,11.47
8/25/2014,11.7
8/26/2014,11.63
8/27/2014,11.78
8/28/2014,12.05
8/29/2014,12.09
9/2/2014,12.25
9/3/2014,12.36
9/4/2014,12.64
9/5/2014,12.09
9/8/2014,12.66
9/9/2014,13.5
9/10/2014,12.88
9/11/2014,12.8
9/12/2014,13.31
9/15/2014,14.12
9/16/2014,12.73
9/17/2014,12.65
9/18/2014,12.03
9/19/2014,12.11
9/22/2014,13.69
9/23/2014,14.93
9/24/2014,13.27
9/25/2014,15.64
9/26/2014,14.85
9/29/2014,15.98
9/30/2014,16.309999
10/1/2014,16.709999
10/2/2014,16.16
10/3/2014,14.55
10/6/2014,15.46
10/7/2014,17.200001
10/8/2014,15.11
10/9/2014,18.76
10/10/2014,21.24
10/13/2014,24.639999
10/14/2014,22.790001
10/15/2014,25.27
10/16/2014,25.200001
10/17/2014,21.99
10/20/2014,18.57
10/21/2014,16.08
10/22/2014,17.870001
10/23/2014,16.530001
10/24/2014,16.110001
10/27/2014,16.040001
10/28/2014,14.39
10/29/2014,15.15
10/30/2014,14.52
10/31/2014,14.03
11/3/2014,14.73
11/4/2014,14.89
11/5/2014,14.17
11/6/2014,13.67
11/7/2014,13.12
11/10/2014,12.67
11/11/2014,12.92
11/12/2014,13.02
11/13/2014,13.79
11/14/2014,13.31
11/17/2014,13.99
11/18/2014,13.86
11/19/2014,13.96
11/20/2014,13.58
11/21/2014,12.9
11/24/2014,12.62
11/25/2014,12.25
11/26/2014,12.07
11/28/2014,13.33
12/1/2014,14.16
12/2/2014,12.85
12/3/2014,12.5
12/4/2014,12.38
12/5/2014,11.89
12/8/2014,14.21
12/9/2014,15.35
12/10/2014,18.530001
12/11/2014,20.08
12/12/2014,21.08
12/15/2014,20.42
12/16/2014,23.57
12/17/2014,19.440001
12/18/2014,16.809999
12/19/2014,16.49
12/22/2014,15.25
12/23/2014,14.8
12/24/2014,14.37
12/26/2014,14.5
12/29/2014,15.06
12/30/2014,15.92
12/31/2014,19.200001
1/2/2015,17.790001
1/5/2015,19.92
1/6/2015,21.120001
1/7/2015,19.309999
1/8/2015,17.01
1/9/2015,17.549999
1/12/2015,19.6
1/13/2015,20.559999
1/14/2015,21.48
1/15/2015,22.389999
1/16/2015,20.950001
1/20/2015,19.889999
1/21/2015,18.85
1/22/2015,16.4
1/23/2015,16.66
1/26/2015,15.52
1/27/2015,17.219999
1/28/2015,20.440001
1/29/2015,18.76
1/30/2015,20.969999
2/2/2015,19.43
2/3/2015,17.33
2/4/2015,18.33
2/5/2015,16.85
2/6/2015,17.290001
2/9/2015,18.549999
2/10/2015,17.23
2/11/2015,16.959999
2/12/2015,15.34
2/13/2015,14.69
2/17/2015,15.8
2/18/2015,15.45
2/19/2015,15.29
2/20/2015,14.3
2/23/2015,14.56
2/24/2015,13.69
2/25/2015,13.84
2/26/2015,13.91
2/27/2015,13.34
3/2/2015,13.04
3/3/2015,13.86
3/4/2015,14.23
3/5/2015,14.04
3/6/2015,15.2
3/9/2015,15.06
3/10/2015,16.690001
3/11/2015,16.870001
3/12/2015,15.42
3/13/2015,16
3/16/2015,15.61
3/17/2015,15.66
3/18/2015,13.97
3/19/2015,14.07
3/20/2015,13.02
3/23/2015,13.41
3/24/2015,13.62
3/25/2015,15.44
3/26/2015,15.8
3/27/2015,15.07
3/30/2015,14.51
3/31/2015,15.29
4/1/2015,15.11
4/2/2015,14.67
4/6/2015,14.74
4/7/2015,14.78
4/8/2015,13.98
4/9/2015,13.09
4/10/2015,12.58
4/13/2015,13.94
4/14/2015,13.67
4/15/2015,12.84
4/16/2015,12.6
4/17/2015,13.89
4/20/2015,13.3
4/21/2015,13.25
4/22/2015,12.71
4/23/2015,12.48
4/24/2015,12.29
4/27/2015,13.12
4/28/2015,12.41
4/29/2015,13.39
4/30/2015,14.55
5/1/2015,12.7
5/4/2015,12.85
5/5/2015,14.31
5/6/2015,15.15
5/7/2015,15.13
5/8/2015,12.86
5/11/2015,13.85
5/12/2015,13.86
5/13/2015,13.76
5/14/2015,12.74
5/15/2015,12.38
5/18/2015,12.73
5/19/2015,12.85
5/20/2015,12.88
5/21/2015,12.11
5/22/2015,12.13
5/26/2015,14.06
5/27/2015,13.27
5/28/2015,13.31
5/29/2015,13.84
6/1/2015,13.97
6/2/2015,14.24
6/3/2015,13.66
6/4/2015,14.71
6/5/2015,14.21
6/8/2015,15.29
6/9/2015,14.47
6/10/2015,13.22
6/11/2015,12.85
6/12/2015,13.78
6/15/2015,15.39
6/16/2015,14.81
6/17/2015,14.5
6/18/2015,13.19
6/19/2015,13.96
6/22/2015,12.74
6/23/2015,12.11
6/24/2015,13.26
6/25/2015,14.01
6/26/2015,14.02
6/29/2015,18.85
6/30/2015,18.23
7/1/2015,16.09
7/2/2015,16.790001
7/6/2015,17.01
7/7/2015,16.09
7/8/2015,19.66
7/9/2015,19.969999
7/10/2015,16.83
7/13/2015,13.9
7/14/2015,13.37
7/15/2015,13.23
7/16/2015,12.11
7/17/2015,11.95
7/20/2015,12.25
7/21/2015,12.22
7/22/2015,12.12
7/23/2015,12.64
7/24/2015,13.74
7/27/2015,15.6
7/28/2015,13.44
7/29/2015,12.5
7/30/2015,12.13
7/31/2015,12.12
8/3/2015,12.56
8/4/2015,13
8/5/2015,12.51
8/6/2015,13.77
8/7/2015,13.39
8/10/2015,12.23
8/11/2015,13.71
8/12/2015,13.61
8/13/2015,13.49
8/14/2015,12.83
8/17/2015,13.02
8/18/2015,13.79
8/19/2015,15.25
8/20/2015,19.139999
8/21/2015,28.030001
8/24/2015,40.740002
8/25/2015,36.02
8/26/2015,30.32
8/27/2015,26.1
8/28/2015,26.049999
8/31/2015,28.43
9/1/2015,31.4
9/2/2015,26.09
9/3/2015,25.610001
9/4/2015,27.799999
9/8/2015,24.9
9/9/2015,26.23
9/10/2015,24.370001
9/11/2015,23.200001
9/14/2015,24.25
9/15/2015,22.540001
9/16/2015,21.35
9/17/2015,21.139999
9/18/2015,22.280001
9/21/2015,20.139999
9/22/2015,22.440001
9/23/2015,22.129999
9/24/2015,23.469999
9/25/2015,23.620001
9/28/2015,27.629999
9/29/2015,26.83
9/30/2015,24.5
10/1/2015,22.549999
10/2/2015,20.940001
10/5/2015,19.540001
10/6/2015,19.4
10/7/2015,18.4
10/8/2015,17.42
10/9/2015,17.08
10/12/2015,16.17
10/13/2015,17.67
10/14/2015,18.030001
10/15/2015,16.049999
10/16/2015,15.05
10/19/2015,14.98
10/20/2015,15.75
10/21/2015,16.700001
10/22/2015,14.45
10/23/2015,14.46
10/26/2015,15.29
10/27/2015,15.43
10/28/2015,14.33
10/29/2015,14.61
10/30/2015,15.07
11/2/2015,14.15
11/3/2015,14.54
11/4/2015,15.51
11/5/2015,15.05
11/6/2015,14.33
11/9/2015,16.52
11/10/2015,15.29
11/11/2015,16.059999
11/12/2015,18.370001
11/13/2015,20.08
11/16/2015,18.16
11/17/2015,18.84
11/18/2015,16.85
11/19/2015,16.99
11/20/2015,15.47
11/23/2015,15.62
11/24/2015,15.93
11/25/2015,15.19
11/27/2015,15.12
11/30/2015,16.129999
12/1/2015,14.67
12/2/2015,15.91
12/3/2015,18.110001
12/4/2015,14.81
12/7/2015,15.84
12/8/2015,17.6
12/9/2015,19.610001
12/10/2015,19.34
12/11/2015,24.389999
12/14/2015,22.73
12/15/2015,20.950001
12/16/2015,17.860001
12/17/2015,18.940001
12/18/2015,20.700001
12/21/2015,18.700001
12/22/2015,16.6
12/23/2015,15.57
12/24/2015,15.74
12/28/2015,16.91
12/29/2015,16.08
12/30/2015,17.290001
12/31/2015,18.209999
1/4/2016,20.700001
1/5/2016,19.34
1/6/2016,20.59
1/7/2016,24.99
1/8/2016,27.01
1/11/2016,24.299999
1/12/2016,22.469999
1/13/2016,25.219999
1/14/2016,23.950001
1/15/2016,27.02
1/19/2016,26.049999
1/20/2016,27.59
1/21/2016,26.690001
1/22/2016,22.34
1/25/2016,24.15
1/26/2016,22.5
1/27/2016,23.110001
1/28/2016,22.42
1/29/2016,20.200001
2/1/2016,19.98
2/2/2016,21.98
2/3/2016,21.65
2/4/2016,21.84
2/5/2016,23.379999
2/8/2016,26
2/9/2016,26.540001
2/10/2016,26.290001
2/11/2016,28.139999
2/12/2016,25.4
2/16/2016,24.110001
2/17/2016,22.309999
2/18/2016,21.639999
2/19/2016,20.530001
2/22/2016,19.379999
2/23/2016,20.98
2/24/2016,20.719999
2/25/2016,19.110001
2/26/2016,19.809999
2/29/2016,20.549999
3/1/2016,17.700001
3/2/2016,17.09
3/3/2016,16.700001
3/4/2016,16.860001
3/7/2016,17.35
3/8/2016,18.67
3/9/2016,18.34
3/10/2016,18.049999
3/11/2016,16.5
3/14/2016,16.92
3/15/2016,16.84
3/16/2016,14.99
3/17/2016,14.44
3/18/2016,14.02
3/21/2016,13.79
3/22/2016,14.17
3/23/2016,14.94
3/24/2016,14.74
3/28/2016,15.24
3/29/2016,13.82
3/30/2016,13.56
3/31/2016,13.95
4/1/2016,13.1
4/4/2016,14.12
4/5/2016,15.42
4/6/2016,14.09
4/7/2016,16.16
4/8/2016,15.36
4/11/2016,16.26
4/12/2016,14.85
4/13/2016,13.84
4/14/2016,13.72
4/15/2016,13.62
4/18/2016,13.35
4/19/2016,13.24
4/20/2016,13.28
4/21/2016,13.95
4/22/2016,13.22
4/25/2016,14.08
4/26/2016,13.96
4/27/2016,13.77
4/28/2016,15.22
4/29/2016,15.7
5/2/2016,14.68
5/3/2016,15.6
5/4/2016,16.049999
5/5/2016,15.91
5/6/2016,14.72
5/9/2016,14.57
5/10/2016,13.63
5/11/2016,14.69
5/12/2016,14.41
5/13/2016,15.04
5/16/2016,14.68
5/17/2016,15.57
5/18/2016,15.95
5/19/2016,16.33
5/20/2016,15.2
5/23/2016,15.82
5/24/2016,14.42
5/25/2016,13.9
5/26/2016,13.43
5/27/2016,13.12
5/31/2016,14.19
6/1/2016,14.2
6/2/2016,13.63
6/3/2016,13.47
6/6/2016,13.65
6/7/2016,14.05
6/8/2016,14.08
6/9/2016,14.64
6/10/2016,17.030001
6/13/2016,20.969999
6/14/2016,20.5
6/15/2016,20.139999
6/16/2016,19.370001
6/17/2016,19.41
6/20/2016,18.370001
6/21/2016,18.48
6/22/2016,21.17
6/23/2016,17.25
6/24/2016,25.76
6/27/2016,23.85
6/28/2016,18.75
6/29/2016,16.639999
6/30/2016,15.63
7/1/2016,14.77
7/5/2016,15.58
7/6/2016,14.96
7/7/2016,14.76
7/8/2016,13.2
7/11/2016,13.54
7/12/2016,13.55
7/13/2016,13.04
7/14/2016,12.82
7/15/2016,12.67
7/18/2016,12.44
7/19/2016,11.97
7/20/2016,11.77
7/21/2016,12.74
7/22/2016,12.02
7/25/2016,12.87
7/26/2016,13.05
7/27/2016,12.83
7/28/2016,12.72
7/29/2016,11.87
8/1/2016,12.44
8/2/2016,13.37
8/3/2016,12.86
8/4/2016,12.42
8/5/2016,11.39
8/8/2016,11.5
8/9/2016,11.66
8/10/2016,12.05
8/11/2016,11.68
8/12/2016,11.55
8/15/2016,11.81
8/16/2016,12.64
8/17/2016,12.19
8/18/2016,11.43
8/19/2016,11.34
8/22/2016,12.27
8/23/2016,12.38
8/24/2016,13.45
8/25/2016,13.63
8/26/2016,13.65
8/29/2016,12.94
8/30/2016,13.12
8/31/2016,13.42
9/1/2016,13.48
9/2/2016,11.98
9/6/2016,12.02
9/7/2016,11.94
9/8/2016,12.51
9/9/2016,17.5
9/12/2016,15.16
9/13/2016,17.85
9/14/2016,18.139999
9/15/2016,16.299999
9/16/2016,15.37
9/19/2016,15.53
9/20/2016,15.92
9/21/2016,13.3
9/22/2016,12.02
9/23/2016,12.29
9/26/2016,14.5
9/27/2016,13.1
9/28/2016,12.39
9/29/2016,14.02
9/30/2016,13.29
10/3/2016,13.57
10/4/2016,13.63
10/5/2016,12.99
10/6/2016,12.84
10/7/2016,13.48
10/10/2016,13.38
10/11/2016,15.36
10/12/2016,15.91
10/13/2016,16.690001
10/14/2016,16.120001
10/17/2016,16.209999
10/18/2016,15.28
10/19/2016,14.41
10/20/2016,13.75
10/21/2016,13.34
10/24/2016,13.02
10/25/2016,13.46
10/26/2016,14.24
10/27/2016,15.36
10/28/2016,16.190001
10/31/2016,17.059999
11/1/2016,18.559999
11/2/2016,19.32
11/3/2016,22.08
11/4/2016,22.51
11/7/2016,18.709999
11/8/2016,18.74
11/9/2016,14.38
11/10/2016,14.74
11/11/2016,14.17
11/14/2016,14.48
11/15/2016,13.37
11/16/2016,13.72
11/17/2016,13.35
11/18/2016,12.85
11/21/2016,12.42
11/22/2016,12.41
11/23/2016,12.43
11/25/2016,12.34
11/28/2016,13.15
11/29/2016,12.9
11/30/2016,13.33
12/1/2016,14.07
12/2/2016,14.12
12/5/2016,12.14
12/6/2016,11.79
12/7/2016,12.22
12/8/2016,12.64
12/9/2016,11.75
12/12/2016,12.64
12/13/2016,12.72
12/14/2016,13.19
12/15/2016,12.79
12/16/2016,12.2
12/19/2016,11.71
12/20/2016,11.45
12/21/2016,11.27
12/22/2016,11.43
12/23/2016,11.44
12/27/2016,11.99
12/28/2016,12.95
12/29/2016,13.37
12/30/2016,14.04
1/3/2017,12.85
1/4/2017,11.85
1/5/2017,11.67
1/6/2017,11.32
1/9/2017,11.56
1/10/2017,11.49
1/11/2017,11.26
1/12/2017,11.54
1/13/2017,11.23
1/17/2017,11.87
1/18/2017,12.48
1/19/2017,12.78
1/20/2017,11.54
1/23/2017,11.77
1/24/2017,11.07
1/25/2017,10.81
1/26/2017,10.63
1/27/2017,10.58
1/30/2017,11.88
1/31/2017,11.99
2/1/2017,11.81
2/2/2017,11.93
2/3/2017,10.97
2/6/2017,11.37
2/7/2017,11.29
2/8/2017,11.45
2/9/2017,10.88
2/10/2017,10.85
2/13/2017,11.07
2/14/2017,10.74
2/15/2017,11.97
2/16/2017,11.76
2/17/2017,11.49
2/21/2017,11.57
2/22/2017,11.74
2/23/2017,11.71
2/24/2017,11.47
2/27/2017,12.09
2/28/2017,12.92
3/1/2017,12.54
3/2/2017,11.81
3/3/2017,10.96
3/6/2017,11.24
3/7/2017,11.45
3/8/2017,11.86
3/9/2017,12.3
3/10/2017,11.66
3/13/2017,11.35
3/14/2017,12.3
3/15/2017,11.63
3/16/2017,11.21
3/17/2017,11.28
3/20/2017,11.34
3/21/2017,12.47
3/22/2017,12.81
3/23/2017,13.12
3/24/2017,12.96
3/27/2017,12.5
3/28/2017,11.53
3/29/2017,11.42
3/30/2017,11.54
3/31/2017,12.37
4/3/2017,12.38
4/4/2017,11.79
4/5/2017,12.89
4/6/2017,12.39
4/7/2017,12.87
4/10/2017,14.05
4/11/2017,15.07
4/12/2017,15.77
4/13/2017,15.96
4/17/2017,14.66
4/18/2017,14.42
4/19/2017,14.93
4/20/2017,14.15
4/21/2017,14.63
4/24/2017,10.84
4/25/2017,10.76
4/26/2017,10.85
4/27/2017,10.36
4/28/2017,10.82
5/1/2017,10.11
5/2/2017,10.59
5/3/2017,10.68
5/4/2017,10.46
5/5/2017,10.57
5/8/2017,9.77
5/9/2017,9.96
5/10/2017,10.21
5/11/2017,10.6
5/12/2017,10.4
5/15/2017,10.42
5/16/2017,10.65
5/17/2017,15.59
5/18/2017,14.66
5/19/2017,12.04
5/22/2017,10.93
5/23/2017,10.72
5/24/2017,10.02
5/25/2017,9.99
5/26/2017,9.81
5/30/2017,10.38
5/31/2017,10.41
6/1/2017,9.89
6/2/2017,9.75
6/5/2017,10.07
6/6/2017,10.45
6/7/2017,10.39
6/8/2017,10.16
6/9/2017,10.7
6/12/2017,11.46
6/13/2017,10.42
6/14/2017,10.64
6/15/2017,10.9
6/16/2017,10.38
6/19/2017,10.37
6/20/2017,10.86
6/21/2017,10.75
6/22/2017,10.48
6/23/2017,10.02
6/26/2017,9.9
6/27/2017,11.06
6/28/2017,10.03
6/29/2017,11.44
6/30/2017,11.18
7/3/2017,11.22
7/5/2017,11.07
7/6/2017,12.54
7/7/2017,11.19
7/10/2017,11.11
7/11/2017,10.89
7/12/2017,10.3
7/13/2017,9.9
7/14/2017,9.51
7/17/2017,9.82
7/18/2017,9.89
7/19/2017,9.79
7/20/2017,9.58
7/21/2017,9.36
7/24/2017,9.43
7/25/2017,9.43
7/26/2017,9.6
7/27/2017,10.11
7/28/2017,10.29
7/31/2017,10.26
8/1/2017,10.09
8/2/2017,10.28
8/3/2017,10.44
8/4/2017,10.03
8/7/2017,9.93
8/8/2017,10.96
8/9/2017,11.11
8/10/2017,16.040001
8/11/2017,15.51
8/14/2017,12.33
8/15/2017,12.04
8/16/2017,11.74
8/17/2017,15.55
8/18/2017,14.26
8/21/2017,13.19
8/22/2017,11.35
8/23/2017,12.25
8/24/2017,12.23
8/25/2017,11.28
8/28/2017,11.32
8/29/2017,11.7
8/30/2017,11.22
8/31/2017,10.59
9/1/2017,10.13
9/5/2017,12.23
9/6/2017,11.63
9/7/2017,11.55
9/8/2017,12.12
9/11/2017,10.73
9/12/2017,10.58
9/13/2017,10.5
9/14/2017,10.44
9/15/2017,10.17
9/18/2017,10.15
9/19/2017,10.18
9/20/2017,9.78
9/21/2017,9.67
9/22/2017,9.59
9/25/2017,10.21
9/26/2017,10.17
9/27/2017,9.87
9/28/2017,9.55
9/29/2017,9.51
10/2/2017,9.45
10/3/2017,9.51
10/4/2017,9.63
10/5/2017,9.19
10/6/2017,9.65
10/9/2017,10.33
10/10/2017,10.08
10/11/2017,9.85
10/12/2017,9.91
10/13/2017,9.61
10/16/2017,9.91
10/17/2017,10.31
10/18/2017,10.07
10/19/2017,10.05
10/20/2017,9.97
10/23/2017,11.07
10/24/2017,11.16
10/25/2017,11.23
10/26/2017,11.3
10/27/2017,9.8
10/30/2017,10.5
10/31/2017,10.18
11/1/2017,10.2
11/2/2017,9.93
11/3/2017,9.14
11/6/2017,9.4
11/7/2017,9.89
11/8/2017,9.78
11/9/2017,10.5
11/10/2017,11.29
11/13/2017,11.5
11/14/2017,11.59
11/15/2017,13.13
11/16/2017,11.76
11/17/2017,11.43
11/20/2017,10.65
11/21/2017,9.73
11/22/2017,9.88
11/24/2017,9.67
11/27/2017,9.87
11/28/2017,10.03
11/29/2017,10.7
11/30/2017,11.28
12/1/2017,11.43
12/4/2017,11.68
12/5/2017,11.33
12/6/2017,11.02
12/7/2017,10.16
12/8/2017,9.58
12/11/2017,9.34
12/12/2017,9.92
12/13/2017,10.18
12/14/2017,10.49
12/15/2017,9.42
12/18/2017,9.53
12/19/2017,10.03
12/20/2017,9.72
12/21/2017,9.62
12/22/2017,9.9
12/26/2017,10.25
12/27/2017,10.47
12/28/2017,10.18
12/29/2017,11.04
1/2/2018,9.77
1/3/2018,9.15
1/4/2018,9.22
1/5/2018,9.22
1/8/2018,9.52
1/9/2018,10.08
1/10/2018,9.82
1/11/2018,9.88
1/12/2018,10.16
1/16/2018,11.66
1/17/2018,11.91
1/18/2018,12.22
1/19/2018,11.27
1/22/2018,11.03
1/23/2018,11.1
1/24/2018,11.47
1/25/2018,11.58
1/26/2018,11.08
1/29/2018,13.84
1/30/2018,14.79
1/31/2018,13.54
2/1/2018,13.47
2/2/2018,17.309999
2/5/2018,37.32
2/6/2018,29.98
2/7/2018,27.73
2/8/2018,33.459999
2/9/2018,29.059999
2/12/2018,25.610001
2/13/2018,24.969999
2/14/2018,19.26
2/15/2018,19.129999
2/16/2018,19.459999
2/20/2018,20.6
2/21/2018,20.02
2/22/2018,18.719999
2/23/2018,16.49
2/26/2018,15.8
2/27/2018,18.59
2/28/2018,19.85
3/1/2018,22.469999
3/2/2018,19.59
3/5/2018,18.73
3/6/2018,18.360001
3/7/2018,17.76
3/8/2018,16.540001
3/9/2018,14.64
3/12/2018,15.78
3/13/2018,16.35
3/14/2018,17.23
3/15/2018,16.59
3/16/2018,15.8
3/19/2018,19.02
3/20/2018,18.200001
3/21/2018,17.860001
3/22/2018,23.34
3/23/2018,24.870001
3/26/2018,21.030001
3/27/2018,22.5
3/28/2018,22.870001
3/29/2018,19.969999
4/2/2018,23.620001
4/3/2018,21.1
4/4/2018,20.059999
4/5/2018,18.940001
4/6/2018,21.49
4/9/2018,21.77
4/10/2018,20.469999
4/11/2018,20.24
4/12/2018,18.49
4/13/2018,17.41
4/16/2018,16.559999
4/17/2018,15.25
4/18/2018,15.6
4/19/2018,15.96
4/20/2018,16.879999
4/23/2018,16.34
4/24/2018,18.02
4/25/2018,17.84
4/26/2018,16.24
4/27/2018,15.41
4/30/2018,15.93
5/1/2018,15.49
5/2/2018,15.97
5/3/2018,15.9
5/4/2018,14.77
5/7/2018,14.75
5/8/2018,14.71
5/9/2018,13.42
5/10/2018,13.23
5/11/2018,12.65
5/14/2018,12.93
5/15/2018,14.63
5/16/2018,13.42
5/17/2018,13.43
5/18/2018,13.42
5/21/2018,13.08
5/22/2018,13.22
5/23/2018,12.58
5/24/2018,12.53
5/25/2018,13.22
5/29/2018,17.02
5/30/2018,14.94
5/31/2018,15.43
6/1/2018,13.46
6/4/2018,12.74
6/5/2018,12.4
6/6/2018,11.64
6/7/2018,12.13
6/8/2018,12.18
6/11/2018,12.35
6/12/2018,12.34
6/13/2018,12.94
6/14/2018,12.12
6/15/2018,11.98
6/18/2018,12.31
6/19/2018,13.35
6/20/2018,12.79
6/21/2018,14.64
6/22/2018,13.77
6/25/2018,17.33
6/26/2018,15.92
6/27/2018,17.91
6/28/2018,16.85
6/29/2018,16.09
7/2/2018,15.6
7/3/2018,16.139999
7/5/2018,14.97
7/6/2018,13.37
7/9/2018,12.69
7/10/2018,12.64
7/11/2018,13.63
7/12/2018,12.58
7/13/2018,12.18
7/16/2018,12.83
7/17/2018,12.06
7/18/2018,12.1
7/19/2018,12.87
7/20/2018,12.86
7/23/2018,12.62
7/24/2018,12.41
7/25/2018,12.29
7/26/2018,12.14
7/27/2018,13.03
7/30/2018,14.26
7/31/2018,12.83
